{"cameraMode":{"drawMode":0,"name":"Shaded","section":"Shading Mode"},"sceneLighting":true,"audioPlay":false,"sceneViewState":{"showFog":true,"showMaterialUpdate":true,"showSkybox":true,"showFlares":true,"showImageEffects":true,"showParticleSystems":true},"in2DMode":false,"pivot":{"x":-4.545652389526367,"y":-1.2419424057006837,"z":2.811711311340332},"rotation":{"x":0.2150384783744812,"y":-0.4249666631221771,"z":0.10467112809419632,"w":0.8730483055114746},"size":7.357560634613037,"orthographic":false}