{"cameraMode":{"drawMode":0,"name":"Shaded","section":"Shading Mode"},"sceneLighting":true,"audioPlay":false,"sceneViewState":{"showFog":true,"showMaterialUpdate":false,"showSkybox":true,"showFlares":true,"showImageEffects":true,"showParticleSystems":true},"in2DMode":false,"pivot":{"x":5.685009002685547,"y":5.889915466308594,"z":5.226240158081055},"rotation":{"x":0.040856510400772098,"y":-0.959009051322937,"z":0.1897224485874176,"w":0.2065178006887436},"size":31.169355392456056,"orthographic":false}