{"cameraMode":{"drawMode":0,"name":"Shaded","section":"Shading Mode"},"sceneLighting":true,"audioPlay":false,"sceneViewState":{"showFog":true,"showMaterialUpdate":true,"showSkybox":true,"showFlares":true,"showImageEffects":true,"showParticleSystems":true},"in2DMode":false,"pivot":{"x":0.07852935791015625,"y":2.8167643547058107,"z":0.1295175552368164},"rotation":{"x":0.2609121799468994,"y":-0.39847540855407717,"z":0.11934379488229752,"w":0.8711523413658142},"size":2.8445048332214357,"orthographic":false}