{"cameraMode":{"drawMode":0,"name":"Shaded","section":"Shading Mode"},"sceneLighting":true,"audioPlay":false,"sceneViewState":{"showFog":true,"showMaterialUpdate":true,"showSkybox":true,"showFlares":true,"showImageEffects":true,"showParticleSystems":true},"in2DMode":false,"pivot":{"x":-3.9238319396972658,"y":-2.479214668273926,"z":3.0080370903015138},"rotation":{"x":0.25178006291389468,"y":-0.48073282837867739,"z":0.14634019136428834,"w":0.8271003365516663},"size":9.523368835449219,"orthographic":false}