{"cameraMode":{"drawMode":0,"name":"Shaded","section":"Shading Mode"},"sceneLighting":true,"audioPlay":false,"sceneViewState":{"showFog":true,"showMaterialUpdate":true,"showSkybox":true,"showFlares":true,"showImageEffects":true,"showParticleSystems":true},"in2DMode":false,"pivot":{"x":2.308807373046875,"y":-0.4657630920410156,"z":-1.537996768951416},"rotation":{"x":0.297788143157959,"y":0.4398062229156494,"z":-0.1573105752468109,"w":0.8325561285018921},"size":6.999155044555664,"orthographic":false}