{"cameraMode":{"drawMode":0,"name":"Shaded","section":"Shading Mode"},"sceneLighting":true,"audioPlay":false,"sceneViewState":{"showFog":true,"showMaterialUpdate":true,"showSkybox":true,"showFlares":true,"showImageEffects":true,"showParticleSystems":true},"in2DMode":false,"pivot":{"x":-2.8221378326416017,"y":-1.918046474456787,"z":-0.43599605560302737},"rotation":{"x":0.21552756428718568,"y":-0.5678039789199829,"z":0.1571434885263443,"w":0.7787560820579529},"size":7.870396614074707,"orthographic":false}