{"cameraMode":{"drawMode":0,"name":"Shaded","section":"Shading Mode"},"sceneLighting":true,"audioPlay":false,"sceneViewState":{"showFog":true,"showMaterialUpdate":true,"showSkybox":true,"showFlares":true,"showImageEffects":true,"showParticleSystems":true},"in2DMode":false,"pivot":{"x":4.537894248962402,"y":2.709303855895996,"z":-2.976175308227539},"rotation":{"x":0.2510529160499573,"y":-0.4404032528400421,"z":0.1297447681427002,"w":0.8521668910980225},"size":6.999155044555664,"orthographic":false}