{"cameraMode":{"drawMode":0,"name":"Shaded","section":"Shading Mode"},"sceneLighting":true,"audioPlay":false,"sceneViewState":{"showFog":true,"showMaterialUpdate":false,"showSkybox":true,"showFlares":true,"showImageEffects":true,"showParticleSystems":true},"in2DMode":false,"pivot":{"x":4.301528453826904,"y":3.745962142944336,"z":8.735086441040039},"rotation":{"x":-0.05642633140087128,"y":0.9427400827407837,"z":-0.2521130442619324,"w":-0.21101213991641999},"size":21.573049545288087,"orthographic":false}